<?xml version="1.0" encoding="UTF-8" ?>

<POSTask>
<TEXT><![CDATA[
9:10 P.M. EST

Mr. Speaker, Mr. Vice President, Members of Congress, my fellow Americans:

Tonight marks the eighth year that I’ve come here to report on the State of the Union. And for this final one, I’m going to try to make it a little shorter. (Applause.) I know some of you are antsy to get back to Iowa. (Laughter.) I've been there. I'll be shaking hands afterwards if you want some tips. (Laughter.)

And I understand that because it’s an election season, expectations for what we will achieve this year are low. But, Mr. Speaker, I appreciate the constructive approach that you and the other leaders took at the end of last year to pass a budget and make tax cuts permanent for working families. So I hope we can work together this year on some bipartisan priorities like criminal justice reform -- (applause) -- and helping people who are battling prescription drug abuse and heroin abuse. (Applause.) So, who knows, we might surprise the cynics again.

But tonight, I want to go easy on the traditional list of proposals for the year ahead. Don’t worry, I’ve got plenty, from helping students learn to write computer code to personalizing medical treatments for patients. And I will keep pushing for progress on the work that I believe still needs to be done. Fixing a broken immigration system. (Applause.) Protecting our kids from gun violence. (Applause.) Equal pay for equal work. (Applause.) Paid leave. (Applause.) Raising the minimum wage. (Applause.) All these things still matter to hardworking families. They’re still the right thing to do. And I won't let up until they get done.

But for my final address to this chamber, I don’t want to just talk about next year. I want to focus on the next five years, the next 10 years, and beyond. I want to focus on our future.

We live in a time of extraordinary change -- change that’s reshaping the way we live, the way we work, our planet, our place in the world. It’s change that promises amazing medical breakthroughs, but also economic disruptions that strain working families. It promises education for girls in the most remote villages, but also connects terrorists plotting an ocean away. It’s change that can broaden opportunity, or widen inequality. And whether we like it or not, the pace of this change will only accelerate.

America has been through big changes before -- wars and depression, the influx of new immigrants, workers fighting for a fair deal, movements to expand civil rights. Each time, there have been those who told us to fear the future; who claimed we could slam the brakes on change; who promised to restore past glory if we just got some group or idea that was threatening America under control. And each time, we overcame those fears. We did not, in the words of Lincoln, adhere to the “dogmas of the quiet past.” Instead we thought anew, and acted anew. We made change work for us, always extending America’s promise outward, to the next frontier, to more people. And because we did -- because we saw opportunity where others saw only peril -- we emerged stronger and better than before.

What was true then can be true now. Our unique strengths as a nation -- our optimism and work ethic, our spirit of discovery, our diversity, our commitment to rule of law -- these things give us everything we need to ensure prosperity and security for generations to come. 
]]></TEXT>
<TAGS>
<ADJECTIVE id="A1" spans="110~116" text="eighth" position="attributive" morphology="normal" />
<ADJECTIVE id="A2" spans="192~197" text="final" position="attributive" morphology="normal" />
<ADJECTIVE id="A3" spans="240~247" text="shorter" position="predicative" morphology="comparative" />
<ADJECTIVE id="A4" spans="284~289" text="antsy" position="predicative" morphology="normal" />
<ADJECTIVE id="A5" spans="516~519" text="low" position="predicative" morphology="normal" />
<ADJECTIVE id="A6" spans="556~568" text="constructive" position="attributive" morphology="normal" />
<ADJECTIVE id="A7" spans="595~600" text="other" position="attributive" morphology="normal" />
<ADJECTIVE id="A8" spans="673~682" text="permanent" position="predicative" morphology="normal" />
<ADJECTIVE id="A9" spans="687~694" text="working" position="attributive" morphology="normal" />
<ADJECTIVE id="A10" spans="754~764" text="bipartisan" position="attributive" morphology="normal" />
<ADJECTIVE id="A11" spans="781~789" text="criminal" position="attributive" morphology="normal" />
<ADJECTIVE id="A12" spans="858~870" text="prescription" position="attributive" morphology="normal" />
<ADJECTIVE id="A13" spans="1002~1013" text="traditional" position="attributive" morphology="normal" />
<ADJECTIVE id="A14" spans="1150~1157" text="medical" position="attributive" morphology="normal" />
<ADJECTIVE id="A15" spans="1280~1286" text="broken" position="attributive" morphology="normal" />
<ADJECTIVE id="A16" spans="1370~1375" text="Equal" position="attributive" morphology="normal" />
<ADJECTIVE id="A17" spans="1384~1389" text="equal" position="attributive" morphology="normal" />
<ADJECTIVE id="A18" spans="1408~1412" text="Paid" position="attributive" morphology="normal" />
<ADJECTIVE id="A19" spans="1444~1451" text="minimum" position="attributive" morphology="normal" />
<ADJECTIVE id="A20" spans="1503~1514" text="hardworking" position="attributive" morphology="normal" />
<ADJECTIVE id="A21" spans="1543~1548" text="right" position="attributive" morphology="normal" />
<ADJECTIVE id="A22" spans="1596~1600" text="done" position="predicative" morphology="normal" />
<ADJECTIVE id="A23" spans="1614~1619" text="final" position="attributive" morphology="normal" />
<ADJECTIVE id="A24" spans="1677~1681" text="next" position="attributive" morphology="normal" />
<ADJECTIVE id="A25" spans="1711~1715" text="next" position="attributive" morphology="normal" />
<ADJECTIVE id="A26" spans="1732~1736" text="next" position="attributive" morphology="normal" />
<ADJECTIVE id="A27" spans="1812~1825" text="extraordinary" position="attributive" morphology="normal" />
<ADJECTIVE id="A28" spans="1956~1963" text="amazing" position="attributive" morphology="normal" />
<ADJECTIVE id="A29" spans="1964~1971" text="medical" position="attributive" morphology="normal" />
<ADJECTIVE id="A30" spans="1996~2004" text="economic" position="attributive" morphology="normal" />
<ADJECTIVE id="A31" spans="2029~2036" text="working" position="attributive" morphology="normal" />
<ADJECTIVE id="A32" spans="2091~2097" text="remote" position="attributive" morphology="normal" />
<ADJECTIVE id="A33" spans="2327~2330" text="big" position="attributive" morphology="normal" />
<ADJECTIVE id="A34" spans="2384~2387" text="new" position="attributive" morphology="normal" />
<ADJECTIVE id="A35" spans="2423~2427" text="fair" position="attributive" morphology="normal" />
<ADJECTIVE id="A36" spans="2454~2459" text="civil" position="attributive" morphology="normal" />
<ADJECTIVE id="A37" spans="2605~2609" text="past" position="attributive" morphology="normal" />
<ADJECTIVE id="A38" spans="2800~2805" text="quiet" position="attributive" morphology="normal" />
<ADJECTIVE id="A39" spans="2933~2937" text="next" position="attributive" morphology="normal" />
<ADJECTIVE id="A40" spans="3055~3063" text="stronger" position="predicative" morphology="comparative" />
<ADJECTIVE id="A41" spans="3068~3074" text="better" position="predicative" morphology="comparative" />
<ADJECTIVE id="A42" spans="3098~3102" text="true" position="predicative" morphology="normal" />
<ADJECTIVE id="A43" spans="3115~3119" text="true" position="predicative" morphology="normal" />
<ADJECTIVE id="A44" spans="3129~3135" text="unique" position="attributive" morphology="normal" />
</TAGS>
</POSTask>